Disk,Process,Thread ID,Path Name,IO Type,Priority,Disk Service Time (µs),IO Time (µs),Size (B),Complete Time (s),QD/I - Queue Depth at Init Time,QD/C - Queue Depth at Complete Time
0,syngo.Common.Communication.DynamicServices.Host.exe (8876),9468,,Flush,Normal,5.909,5.909,0,1.176567818,0,0
0,System (4),33868,,Flush,Normal,18.974,18.974,0,1.629490947,0,0
0,syngo.Common.Communication.DynamicServices.Host.exe (8876),9468,,Flush,Normal,5.598,5.598,0,2.301684773,0,0
0,syngo.Common.Communication.DynamicServices.Host.exe (8876),9468,,Flush,Normal,7.154,7.154,0,3.426812926,0,0
0,System (4),33888,,Flush,Normal,7.465,7.465,0,4.864281821,0,0
0,System (4),16876,,Flush,Normal,8.398,8.398,0,9.864218367,0,1
0,System (4),28720,,Flush,Normal,6.843,6.843,0,14.864414951,0,0
0,System (4),904,,Flush,Normal,7.465,7.465,0,16.022928465,0,0
0,System (4),23848,,Flush,Normal,8.398,8.398,0,18.036213743,0,0
0,System (4),33888,,Flush,Normal,6.843,6.843,0,19.865312643,0,0
0,System (4),904,,Flush,Normal,8.398,8.398,0,23.099782202,0,0
0,System (4),23848,,Flush,Normal,8.398,8.398,0,24.865075933,0,0
0,System (4),33872,,Flush,Normal,8.087,8.087,0,29.865481543,0,0
1,System (4),17732,,Flush,Normal,8.709,8.709,0,1.629446155,0,0
1,System (4),28720,,Flush,Normal,20.218,20.218,0,4.379373992,0,0
1,System (4),33888,,Flush,Normal,6.843,6.843,0,4.864709516,0,0
1,System (4),33888,,Flush,Normal,5.598,5.598,0,4.865435508,0,0
1,System (4),16876,,Flush,Normal,6.843,6.843,0,9.864633619,0,0
1,System (4),16876,,Flush,Normal,6.843,6.843,0,9.864859753,0,0
1,System (4),28720,,Flush,Normal,7.776,7.776,0,14.864635175,0,0
1,System (4),28720,,Flush,Normal,5.598,5.598,0,14.865240168,0,0
1,System (4),33888,,Flush,Normal,7.776,7.776,0,19.865814989,0,0
1,System (4),33888,,Flush,Normal,7.776,7.776,0,19.866505521,0,0
1,System (4),33888,,Flush,Normal,19.285,19.285,0,20.771027947,0,0
1,System (4),23848,,Flush,Normal,6.843,6.843,0,24.865737227,0,0
1,System (4),23848,,Flush,Normal,7.154,7.154,0,24.865947497,0,0
1,System (4),33872,,Flush,Normal,6.532,6.532,0,29.865668173,0,0
1,System (4),33872,,Flush,Normal,6.221,6.221,0,29.866224332,0,0
0,Ntrtscan.exe (2964),15092,C:\Windows\servicing\Packages\Microsoft-Windows-ServerCore-SKU-Foundation-minio-Package~31bf3856ad364e35~amd64~~10.0.14393.0.cat,Read,Very Low,125.353,125.353,"16,384",0.942243831,0,0
0,Ntrtscan.exe (2964),15092,C:\Windows\servicing\Packages\Microsoft-Windows-ServerCore-SKU-Foundation-minio-Package~31bf3856ad364e35~amd64~~10.0.14393.0.cat,Read,Very Low,57.233,57.233,"16,384",0.942402778,0,0
0,Ntrtscan.exe (2964),15092,C:\Windows\servicing\Packages\Microsoft-Windows-ServerCore-SKU-Foundation-minio-Package~31bf3856ad364e35~amd64~~10.0.14393.0.cat,Read,Very Low,48.212,48.212,"15,872",0.942533730,0,0
0,Ntrtscan.exe (2964),15092,C:\Windows\servicing\Packages\Microsoft-Windows-ServerCore-SKU-Foundation-minio-Package~31bf3856ad364e35~amd64~~10.0.14393.0.mum,Read,Very Low,86.783,86.783,"1,536",1.942213659,0,0
0,Ntrtscan.exe (2964),15092,C:\Windows\servicing\Packages\Microsoft-Windows-ServerCore-SKU-Foundation-minkernel-Package~31bf3856ad364e35~amd64~en-US~10.0.14393.0.cat,Read,Very Low,120.687,120.687,"15,872",2.942266537,0,0
0,Ntrtscan.exe (2964),15092,C:\Windows\servicing\Packages\Microsoft-Windows-ServerCore-SKU-Foundation-minkernel-Package~31bf3856ad364e35~amd64~en-US~10.0.14393.0.mum,Read,Very Low,128.463,128.463,"1,536",3.942295465,0,0
0,Ntrtscan.exe (2964),15092,C:\Windows\servicing\Packages\Microsoft-Windows-ServerCore-SKU-Foundation-minkernel-Package~31bf3856ad364e35~amd64~~10.0.14393.0.cat,Read,Very Low,121.931,121.931,"16,384",4.942333102,0,0
0,Ntrtscan.exe (2964),15092,C:\Windows\servicing\Packages\Microsoft-Windows-ServerCore-SKU-Foundation-minkernel-Package~31bf3856ad364e35~amd64~~10.0.14393.0.cat,Read,Very Low,123.798,123.798,"16,384",4.942590341,0,0
0,Ntrtscan.exe (2964),15092,C:\Windows\servicing\Packages\Microsoft-Windows-ServerCore-SKU-Foundation-minkernel-Package~31bf3856ad364e35~amd64~~10.0.14393.0.cat,Read,Very Low,106.690,106.690,"16,384",4.942803100,0,0
0,Ntrtscan.exe (2964),15092,C:\Windows\servicing\Packages\Microsoft-Windows-ServerCore-SKU-Foundation-minkernel-Package~31bf3856ad364e35~amd64~~10.0.14393.0.cat,Read,Very Low,177.298,177.298,"16,384",4.943101397,0,0
0,Ntrtscan.exe (2964),15092,C:\Windows\servicing\Packages\Microsoft-Windows-ServerCore-SKU-Foundation-minkernel-Package~31bf3856ad364e35~amd64~~10.0.14393.0.cat,Read,Very Low,104.201,104.201,"16,384",4.943326909,0,0
0,Ntrtscan.exe (2964),15092,C:\Windows\servicing\Packages\Microsoft-Windows-ServerCore-SKU-Foundation-minkernel-Package~31bf3856ad364e35~amd64~~10.0.14393.0.cat,Read,Very Low,106.690,106.690,"14,336",4.943556153,0,0
0,Ntrtscan.exe (2964),15092,C:\Windows\servicing\Packages\Microsoft-Windows-ServerCore-SKU-Foundation-minkernel-Package~31bf3856ad364e35~amd64~~10.0.14393.0.mum,Read,Very Low,114.777,114.777,"1,536",5.942302619,0,0
0,Ntrtscan.exe (2964),15092,C:\$Mft,Read,Very Low,130.019,130.019,"4,096",6.942421130,0,0
0,Ntrtscan.exe (2964),15092,C:\Windows\servicing\Packages\Microsoft-Windows-ServerCore-SKU-Foundation-multimedia-Package~31bf3856ad364e35~amd64~en-US~10.0.14393.0.cat,Read,Very Low,98.291,98.291,"9,728",6.942795945,0,0
0,Ntrtscan.exe (2964),15092,C:\Windows\servicing\Packages,Read,Very Low,"5,571.225","5,571.225","4,096",7.947581146,0,0
0,Ntrtscan.exe (2964),15092,C:\Windows\servicing\Packages\Microsoft-Windows-ServerCore-SKU-Foundation-multimedia-Package~31bf3856ad364e35~amd64~en-US~10.0.14393.0.mum,Read,Very Low,120.687,120.687,"1,536",7.948141348,0,0
0,Ntrtscan.exe (2964),15092,C:\Windows\servicing\Packages\Microsoft-Windows-ServerCore-SKU-Foundation-multimedia-Package~31bf3856ad364e35~amd64~~10.0.14393.0.cat,Read,Very Low,175.121,175.121,"16,384",8.942621757,0,0
0,Ntrtscan.exe (2964),15092,C:\Windows\servicing\Packages\Microsoft-Windows-ServerCore-SKU-Foundation-multimedia-Package~31bf3856ad364e35~amd64~~10.0.14393.0.mum,Read,Very Low,156.147,156.147,"1,536",9.942548660,0,0
0,Ntrtscan.exe (2964),15092,C:\Windows\servicing\Packages\Microsoft-Windows-ServerCore-SKU-Foundation-nanoserver-Package~31bf3856ad364e35~amd64~en-US~10.0.14393.0.cat,Read,Very Low,167.034,167.034,"9,728",10.942636688,0,0
0,svchost.exe (1488),24640,C:\Windows\System32\Windows.Security.Authentication.OnlineId.dll,Read,Normal,"4,009.129","4,009.129","16,384",11.494398913,0,0
0,Ntrtscan.exe (2964),15092,C:\Windows\servicing\Packages\Microsoft-Windows-ServerCore-SKU-Foundation-nanoserver-Package~31bf3856ad364e35~amd64~en-US~10.0.14393.0.mum,Read,Very Low,118.510,118.510,"1,536",11.942508846,0,0
0,Ntrtscan.exe (2964),15092,C:\Windows\servicing\Packages\Microsoft-Windows-ServerCore-SKU-Foundation-nanoserver-Package~31bf3856ad364e35~amd64~~10.0.14393.0.cat,Read,Very Low,102.957,102.957,"10,240",12.942662816,0,0
0,Ntrtscan.exe (2964),15092,C:\Windows\servicing\Packages\Microsoft-Windows-ServerCore-SKU-Foundation-nanoserver-Package~31bf3856ad364e35~amd64~~10.0.14393.0.mum,Read,Very Low,"15,184.553","15,254.538","1,536",13.957648296,0,0
0,Ntrtscan.exe (2964),15092,C:\Windows\servicing\Packages\Microsoft-Windows-ServerCore-SKU-Foundation-net-Package~31bf3856ad364e35~amd64~en-US~10.0.14393.0.cat,Read,Very Low,169.522,169.522,"16,384",14.958278484,0,0
0,Ntrtscan.exe (2964),15092,C:\Windows\servicing\Packages\Microsoft-Windows-ServerCore-SKU-Foundation-net-Package~31bf3856ad364e35~amd64~en-US~10.0.14393.0.cat,Read,Very Low,101.091,101.091,"4,608",14.958536656,0,0
0,Ntrtscan.exe (2964),15092,C:\Windows\servicing\Packages\Microsoft-Windows-ServerCore-SKU-Foundation-net-Package~31bf3856ad364e35~amd64~en-US~10.0.14393.0.mum,Read,Very Low,136.240,136.240,"1,536",15.958320165,0,0
0,svchost.exe (1296),1332,C:\Windows\System32\catroot2\{F750E6C3-38EE-11D1-85E5-00C04FC295EE}\catdb,Read,Normal,"6,076.682","6,076.682","32,768",15.966704531,0,0
0,Ntrtscan.exe (2964),15092,C:\$Mft,Read,Very Low,195.028,195.028,"4,096",16.958165573,0,0
0,Ntrtscan.exe (2964),15092,C:\Windows\servicing\Packages\Microsoft-Windows-ServerCore-SKU-Foundation-net-Package~31bf3856ad364e35~amd64~~10.0.14393.0.cat,Read,Very Low,106.068,106.068,"16,384",16.958573049,0,0
0,Ntrtscan.exe (2964),15092,C:\Windows\servicing\Packages\Microsoft-Windows-ServerCore-SKU-Foundation-net-Package~31bf3856ad364e35~amd64~~10.0.14393.0.cat,Read,Very Low,117.577,117.577,"16,384",16.958816291,0,0
0,Ntrtscan.exe (2964),15092,C:\Windows\servicing\Packages\Microsoft-Windows-ServerCore-SKU-Foundation-net-Package~31bf3856ad364e35~amd64~~10.0.14393.0.cat,Read,Very Low,106.690,106.690,"13,312",16.959022517,0,0
0,Ntrtscan.exe (2964),15092,C:\Windows\servicing\Packages\Microsoft-Windows-ServerCore-SKU-Foundation-net-Package~31bf3856ad364e35~amd64~~10.0.14393.0.mum,Read,Very Low,116.643,116.643,"1,536",17.958271019,0,0
0,Ntrtscan.exe (2964),15092,C:\$Mft,Read,Very Low,114.466,114.466,"4,096",18.958750348,0,0
0,Ntrtscan.exe (2964),15092,C:\Windows\servicing\Packages\Microsoft-Windows-ServerCore-SKU-Foundation-onecore-Package~31bf3856ad364e35~amd64~en-US~10.0.14393.0.cat,Read,Very Low,118.510,118.510,"16,384",18.959115832,0,0
0,Ntrtscan.exe (2964),15092,C:\Windows\servicing\Packages\Microsoft-Windows-ServerCore-SKU-Foundation-onecore-Package~31bf3856ad364e35~amd64~en-US~10.0.14393.0.cat,Read,Very Low,72.163,72.163,"16,384",18.959292509,0,0
0,Ntrtscan.exe (2964),15092,C:\Windows\servicing\Packages\Microsoft-Windows-ServerCore-SKU-Foundation-onecore-Package~31bf3856ad364e35~amd64~en-US~10.0.14393.0.cat,Read,Very Low,105.757,105.757,"16,384",18.959496869,0,0
0,Ntrtscan.exe (2964),15092,C:\Windows\servicing\Packages\Microsoft-Windows-ServerCore-SKU-Foundation-onecore-Package~31bf3856ad364e35~amd64~en-US~10.0.14393.0.cat,Read,Very Low,122.242,122.242,"16,384",18.959742288,0,0
0,Ntrtscan.exe (2964),15092,C:\Windows\servicing\Packages\Microsoft-Windows-ServerCore-SKU-Foundation-onecore-Package~31bf3856ad364e35~amd64~en-US~10.0.14393.0.cat,Read,Very Low,118.510,118.510,"16,384",18.959978375,0,0
0,Ntrtscan.exe (2964),15092,C:\Windows\servicing\Packages\Microsoft-Windows-ServerCore-SKU-Foundation-onecore-Package~31bf3856ad364e35~amd64~en-US~10.0.14393.0.cat,Read,Very Low,152.103,152.103,"11,776",18.960228771,0,0
0,Ntrtscan.exe (2964),15092,C:\Windows\servicing\Packages\Microsoft-Windows-ServerCore-SKU-Foundation-onecore-Package~31bf3856ad364e35~amd64~en-US~10.0.14393.0.mum,Read,Very Low,153.347,153.347,"1,536",19.959179909,0,0
0,Ntrtscan.exe (2964),15092,C:\Windows\servicing\Packages,Read,Very Low,199.383,199.383,"4,096",20.958741638,0,0
0,Ntrtscan.exe (2964),15092,C:\Windows\servicing\Packages\Microsoft-Windows-ServerCore-SKU-Foundation-onecore-Package~31bf3856ad364e35~amd64~~10.0.14393.0.cat,Read,Very Low,"6,553.212","6,553.212","16,384",20.965730632,0,0
0,Ntrtscan.exe (2964),15092,C:\Windows\servicing\Packages\Microsoft-Windows-ServerCore-SKU-Foundation-onecore-Package~31bf3856ad364e35~amd64~~10.0.14393.0.cat,Read,Very Low,375.437,375.437,"16,384",20.966244799,0,0
0,Ntrtscan.exe (2964),15092,C:\Windows\servicing\Packages\Microsoft-Windows-ServerCore-SKU-Foundation-onecore-Package~31bf3856ad364e35~amd64~~10.0.14393.0.cat,Read,Very Low,161.746,161.746,"16,384",20.966526610,0,0
0,Ntrtscan.exe (2964),15092,C:\Windows\servicing\Packages\Microsoft-Windows-ServerCore-SKU-Foundation-onecore-Package~31bf3856ad364e35~amd64~~10.0.14393.0.cat,Read,Very Low,509.189,509.189,"16,384",20.967158043,0,0
0,Ntrtscan.exe (2964),15092,C:\Windows\servicing\Packages\Microsoft-Windows-ServerCore-SKU-Foundation-onecore-Package~31bf3856ad364e35~amd64~~10.0.14393.0.cat,Read,Very Low,118.199,118.199,"16,384",20.967396619,0,0
0,Ntrtscan.exe (2964),15092,C:\Windows\servicing\Packages\Microsoft-Windows-ServerCore-SKU-Foundation-onecore-Package~31bf3856ad364e35~amd64~~10.0.14393.0.cat,Read,Very Low,107.001,107.001,"16,384",20.967601290,0,0
0,Ntrtscan.exe (2964),15092,C:\Windows\servicing\Packages\Microsoft-Windows-ServerCore-SKU-Foundation-onecore-Package~31bf3856ad364e35~amd64~~10.0.14393.0.cat,Read,Very Low,105.135,105.135,"16,384",20.967826802,0,0
0,Ntrtscan.exe (2964),15092,C:\Windows\servicing\Packages\Microsoft-Windows-ServerCore-SKU-Foundation-onecore-Package~31bf3856ad364e35~amd64~~10.0.14393.0.cat,Read,Very Low,97.669,97.669,"16,384",20.968045470,0,0
0,Ntrtscan.exe (2964),15092,C:\Windows\servicing\Packages\Microsoft-Windows-ServerCore-SKU-Foundation-onecore-Package~31bf3856ad364e35~amd64~~10.0.14393.0.cat,Read,Very Low,119.443,119.443,"16,384",20.968283735,0,0
0,Ntrtscan.exe (2964),15092,C:\Windows\servicing\Packages\Microsoft-Windows-ServerCore-SKU-Foundation-onecore-Package~31bf3856ad364e35~amd64~~10.0.14393.0.cat,Read,Very Low,108.556,108.556,"16,384",20.968498671,0,0
0,Ntrtscan.exe (2964),15092,C:\Windows\servicing\Packages\Microsoft-Windows-ServerCore-SKU-Foundation-onecore-Package~31bf3856ad364e35~amd64~~10.0.14393.0.cat,Read,Very Low,74.030,74.030,"16,384",20.968693077,0,0
0,Ntrtscan.exe (2964),15092,C:\Windows\servicing\Packages\Microsoft-Windows-ServerCore-SKU-Foundation-onecore-Package~31bf3856ad364e35~amd64~~10.0.14393.0.cat,Read,Very Low,60.965,60.965,"16,384",20.968868510,0,0
0,Ntrtscan.exe (2964),15092,C:\Windows\servicing\Packages\Microsoft-Windows-ServerCore-SKU-Foundation-onecore-Package~31bf3856ad364e35~amd64~~10.0.14393.0.cat,Read,Very Low,61.587,61.587,"16,384",20.969042698,0,0
0,Ntrtscan.exe (2964),15092,C:\Windows\servicing\Packages\Microsoft-Windows-ServerCore-SKU-Foundation-onecore-Package~31bf3856ad364e35~amd64~~10.0.14393.0.cat,Read,Very Low,121.620,121.620,"16,384",20.969270698,0,0
0,Ntrtscan.exe (2964),15092,C:\Windows\servicing\Packages\Microsoft-Windows-ServerCore-SKU-Foundation-onecore-Package~31bf3856ad364e35~amd64~~10.0.14393.0.cat,Read,Very Low,81.495,81.495,"16,384",20.969457328,0,0
0,Ntrtscan.exe (2964),15092,C:\Windows\servicing\Packages\Microsoft-Windows-ServerCore-SKU-Foundation-onecore-Package~31bf3856ad364e35~amd64~~10.0.14393.0.cat,Read,Very Low,62.521,62.521,"16,384",20.969624985,0,0
0,Ntrtscan.exe (2964),15092,C:\Windows\servicing\Packages\Microsoft-Windows-ServerCore-SKU-Foundation-onecore-Package~31bf3856ad364e35~amd64~~10.0.14393.0.cat,Read,Very Low,63.143,63.143,"16,384",20.969793885,0,0
0,Ntrtscan.exe (2964),15092,C:\Windows\servicing\Packages\Microsoft-Windows-ServerCore-SKU-Foundation-onecore-Package~31bf3856ad364e35~amd64~~10.0.14393.0.cat,Read,Very Low,55.055,55.055,"16,384",20.969953454,0,0
0,Ntrtscan.exe (2964),15092,C:\Windows\servicing\Packages\Microsoft-Windows-ServerCore-SKU-Foundation-onecore-Package~31bf3856ad364e35~amd64~~10.0.14393.0.cat,Read,Very Low,64.387,64.387,"16,384",20.970127953,0,0
0,Ntrtscan.exe (2964),15092,C:\Windows\servicing\Packages\Microsoft-Windows-ServerCore-SKU-Foundation-onecore-Package~31bf3856ad364e35~amd64~~10.0.14393.0.cat,Read,Very Low,61.276,61.276,"16,384",20.970293743,0,0
0,Ntrtscan.exe (2964),15092,C:\Windows\servicing\Packages\Microsoft-Windows-ServerCore-SKU-Foundation-onecore-Package~31bf3856ad364e35~amd64~~10.0.14393.0.cat,Read,Very Low,62.210,62.210,"16,384",20.970465132,0,0
0,Ntrtscan.exe (2964),15092,C:\Windows\servicing\Packages\Microsoft-Windows-ServerCore-SKU-Foundation-onecore-Package~31bf3856ad364e35~amd64~~10.0.14393.0.cat,Read,Very Low,61.899,61.899,"16,384",20.970632166,0,0
0,Ntrtscan.exe (2964),15092,C:\Windows\servicing\Packages\Microsoft-Windows-ServerCore-SKU-Foundation-onecore-Package~31bf3856ad364e35~amd64~~10.0.14393.0.cat,Read,Very Low,77.451,77.451,"16,384",20.970813197,0,0
0,Ntrtscan.exe (2964),15092,C:\Windows\servicing\Packages\Microsoft-Windows-ServerCore-SKU-Foundation-onecore-Package~31bf3856ad364e35~amd64~~10.0.14393.0.cat,Read,Very Low,70.297,70.297,"16,384",20.970989252,0,0
0,Ntrtscan.exe (2964),15092,C:\Windows\servicing\Packages\Microsoft-Windows-ServerCore-SKU-Foundation-onecore-Package~31bf3856ad364e35~amd64~~10.0.14393.0.cat,Read,Very Low,65.631,65.631,"16,384",20.971162507,0,0
0,Ntrtscan.exe (2964),15092,C:\Windows\servicing\Packages\Microsoft-Windows-ServerCore-SKU-Foundation-onecore-Package~31bf3856ad364e35~amd64~~10.0.14393.0.cat,Read,Very Low,52.567,52.567,"16,384",20.971330163,0,0
0,Ntrtscan.exe (2964),15092,C:\Windows\servicing\Packages\Microsoft-Windows-ServerCore-SKU-Foundation-onecore-Package~31bf3856ad364e35~amd64~~10.0.14393.0.cat,Read,Very Low,65.631,65.631,"16,384",20.971481645,0,0
0,Ntrtscan.exe (2964),15092,C:\Windows\servicing\Packages\Microsoft-Windows-ServerCore-SKU-Foundation-onecore-Package~31bf3856ad364e35~amd64~~10.0.14393.0.cat,Read,Very Low,61.587,61.587,"16,384",20.971646502,0,0
0,Ntrtscan.exe (2964),15092,C:\Windows\servicing\Packages\Microsoft-Windows-ServerCore-SKU-Foundation-onecore-Package~31bf3856ad364e35~amd64~~10.0.14393.0.cat,Read,Very Low,64.698,64.698,"16,384",20.971817269,0,0
0,Ntrtscan.exe (2964),15092,C:\Windows\servicing\Packages\Microsoft-Windows-ServerCore-SKU-Foundation-onecore-Package~31bf3856ad364e35~amd64~~10.0.14393.0.cat,Read,Very Low,116.954,116.954,"16,384",20.972038114,0,0
0,Ntrtscan.exe (2964),15092,C:\Windows\servicing\Packages\Microsoft-Windows-ServerCore-SKU-Foundation-onecore-Package~31bf3856ad364e35~amd64~~10.0.14393.0.cat,Read,Very Low,65.320,65.320,"16,384",20.972210436,0,0
0,Ntrtscan.exe (2964),15092,C:\Windows\servicing\Packages\Microsoft-Windows-ServerCore-SKU-Foundation-onecore-Package~31bf3856ad364e35~amd64~~10.0.14393.0.cat,Read,Very Low,62.832,62.832,"16,384",20.972383691,0,0
0,Ntrtscan.exe (2964),15092,C:\Windows\servicing\Packages\Microsoft-Windows-ServerCore-SKU-Foundation-onecore-Package~31bf3856ad364e35~amd64~~10.0.14393.0.cat,Read,Very Low,62.210,62.210,"16,384",20.972553836,0,0
0,Ntrtscan.exe (2964),15092,C:\Windows\servicing\Packages\Microsoft-Windows-ServerCore-SKU-Foundation-onecore-Package~31bf3856ad364e35~amd64~~10.0.14393.0.cat,Read,Very Low,61.899,61.899,"16,384",20.972719626,0,0
0,Ntrtscan.exe (2964),15092,C:\Windows\servicing\Packages\Microsoft-Windows-ServerCore-SKU-Foundation-onecore-Package~31bf3856ad364e35~amd64~~10.0.14393.0.cat,Read,Very Low,61.899,61.899,"16,384",20.972886971,0,0
0,Ntrtscan.exe (2964),15092,C:\Windows\servicing\Packages\Microsoft-Windows-ServerCore-SKU-Foundation-onecore-Package~31bf3856ad364e35~amd64~~10.0.14393.0.cat,Read,Very Low,69.364,69.364,"16,384",20.973060226,0,0
0,Ntrtscan.exe (2964),15092,C:\Windows\servicing\Packages\Microsoft-Windows-ServerCore-SKU-Foundation-onecore-Package~31bf3856ad364e35~amd64~~10.0.14393.0.cat,Read,Very Low,72.785,72.785,"16,384",20.973235348,0,0
0,Ntrtscan.exe (2964),15092,C:\Windows\servicing\Packages\Microsoft-Windows-ServerCore-SKU-Foundation-onecore-Package~31bf3856ad364e35~amd64~~10.0.14393.0.cat,Read,Very Low,60.032,60.032,"16,384",20.973400827,0,0
0,Ntrtscan.exe (2964),15092,C:\Windows\servicing\Packages\Microsoft-Windows-ServerCore-SKU-Foundation-onecore-Package~31bf3856ad364e35~amd64~~10.0.14393.0.cat,Read,Very Low,61.587,61.587,"16,384",20.973566928,0,0
0,Ntrtscan.exe (2964),15092,C:\Windows\servicing\Packages\Microsoft-Windows-ServerCore-SKU-Foundation-onecore-Package~31bf3856ad364e35~amd64~~10.0.14393.0.cat,Read,Very Low,47.901,47.901,"16,384",20.973719964,0,0
0,Ntrtscan.exe (2964),15092,C:\Windows\servicing\Packages\Microsoft-Windows-ServerCore-SKU-Foundation-onecore-Package~31bf3856ad364e35~amd64~~10.0.14393.0.cat,Read,Very Low,61.276,61.276,"15,360",20.973891353,0,0
0,Ntrtscan.exe (2964),15092,C:\Windows\servicing\Packages\Microsoft-Windows-ServerCore-SKU-Foundation-onecore-Package~31bf3856ad364e35~amd64~~10.0.14393.0.mum,Read,Very Low,126.908,126.908,"1,536",21.974628543,0,0
0,Ntrtscan.exe (2964),15092,C:\$Mft,Read,Very Low,72.474,72.474,"4,096",22.974496347,0,0
0,Ntrtscan.exe (2964),15092,C:\Windows\servicing\Packages\Microsoft-Windows-ServerCore-SKU-Foundation-onecoreuap-Package~31bf3856ad364e35~amd64~en-US~10.0.14393.0.cat,Read,Very Low,103.579,103.579,"16,384",22.974804287,0,0
0,Ntrtscan.exe (2964),15092,C:\Windows\servicing\Packages\Microsoft-Windows-ServerCore-SKU-Foundation-onecoreuap-Package~31bf3856ad364e35~amd64~en-US~10.0.14393.0.cat,Read,Very Low,59.721,59.721,"7,168",22.974991228,0,0
0,Ntrtscan.exe (2964),15092,C:\Windows\servicing\Packages\Microsoft-Windows-ServerCore-SKU-Foundation-onecoreuap-Package~31bf3856ad364e35~amd64~en-US~10.0.14393.0.mum,Read,Very Low,145.571,145.571,"1,536",23.974763539,0,0
0,Ntrtscan.exe (2964),15092,C:\$Mft,Read,Very Low,112.600,112.600,"4,096",24.974515010,0,0
0,Ntrtscan.exe (2964),15092,C:\Windows\servicing\Packages\Microsoft-Windows-ServerCore-SKU-Foundation-onecoreuap-Package~31bf3856ad364e35~amd64~~10.0.14393.0.cat,Read,Very Low,119.443,119.443,"16,384",24.974880805,0,0
0,Ntrtscan.exe (2964),15092,C:\Windows\servicing\Packages\Microsoft-Windows-ServerCore-SKU-Foundation-onecoreuap-Package~31bf3856ad364e35~amd64~~10.0.14393.0.cat,Read,Very Low,105.757,105.757,"16,384",24.975091386,0,0
0,Ntrtscan.exe (2964),15092,C:\Windows\servicing\Packages\Microsoft-Windows-ServerCore-SKU-Foundation-onecoreuap-Package~31bf3856ad364e35~amd64~~10.0.14393.0.cat,Read,Very Low,96.736,96.736,"16,384",24.975315654,0,0
0,Ntrtscan.exe (2964),15092,C:\Windows\servicing\Packages\Microsoft-Windows-ServerCore-SKU-Foundation-onecoreuap-Package~31bf3856ad364e35~amd64~~10.0.14393.0.cat,Read,Very Low,137.173,137.173,"16,384",24.975572581,0,0
0,Ntrtscan.exe (2964),15092,C:\Windows\servicing\Packages\Microsoft-Windows-ServerCore-SKU-Foundation-onecoreuap-Package~31bf3856ad364e35~amd64~~10.0.14393.0.cat,Read,Very Low,99.847,99.847,"16,384",24.975790939,0,0
0,Ntrtscan.exe (2964),15092,C:\Windows\servicing\Packages\Microsoft-Windows-ServerCore-SKU-Foundation-onecoreuap-Package~31bf3856ad364e35~amd64~~10.0.14393.0.cat,Read,Very Low,143.705,143.705,"16,384",24.976056576,0,0
0,Ntrtscan.exe (2964),15092,C:\Windows\servicing\Packages\Microsoft-Windows-ServerCore-SKU-Foundation-onecoreuap-Package~31bf3856ad364e35~amd64~~10.0.14393.0.cat,Read,Very Low,123.175,123.175,"16,384",24.976300439,0,0
0,Ntrtscan.exe (2964),15092,C:\Windows\servicing\Packages\Microsoft-Windows-ServerCore-SKU-Foundation-onecoreuap-Package~31bf3856ad364e35~amd64~~10.0.14393.0.cat,Read,Very Low,101.091,101.091,"16,384",24.976499512,0,0
0,Ntrtscan.exe (2964),15092,C:\Windows\servicing\Packages\Microsoft-Windows-ServerCore-SKU-Foundation-onecoreuap-Package~31bf3856ad364e35~amd64~~10.0.14393.0.cat,Read,Very Low,62.832,62.832,"16,384",24.976682409,0,0
0,Ntrtscan.exe (2964),15092,C:\Windows\servicing\Packages\Microsoft-Windows-ServerCore-SKU-Foundation-onecoreuap-Package~31bf3856ad364e35~amd64~~10.0.14393.0.cat,Read,Very Low,60.343,60.343,"16,384",24.976852865,0,0
0,Ntrtscan.exe (2964),15092,C:\Windows\servicing\Packages\Microsoft-Windows-ServerCore-SKU-Foundation-onecoreuap-Package~31bf3856ad364e35~amd64~~10.0.14393.0.cat,Read,Very Low,73.407,73.407,"16,384",24.977031408,0,0
0,Ntrtscan.exe (2964),15092,C:\Windows\servicing\Packages\Microsoft-Windows-ServerCore-SKU-Foundation-onecoreuap-Package~31bf3856ad364e35~amd64~~10.0.14393.0.cat,Read,Very Low,51.323,51.323,"2,048",24.977189111,0,0
0,Ntrtscan.exe (2964),15092,C:\Windows\servicing\Packages\Microsoft-Windows-ServerCore-SKU-Foundation-onecoreuap-Package~31bf3856ad364e35~amd64~~10.0.14393.0.mum,Read,Very Low,129.708,129.708,"1,536",25.974764472,0,0
0,Ntrtscan.exe (2964),15092,C:\Windows\servicing\Packages\Microsoft-Windows-ServerCore-SKU-Foundation-Package~31bf3856ad364e35~amd64~en-US~10.0.14393.0.cat,Read,Very Low,94.559,94.559,"9,216",26.974704750,0,0
0,Ntrtscan.exe (2964),15092,C:\Windows\servicing\Packages\Microsoft-Windows-ServerCore-SKU-Foundation-Package~31bf3856ad364e35~amd64~en-US~10.0.14393.0.mum,Read,Very Low,81.184,81.184,"16,384",27.974604903,0,0
0,Ntrtscan.exe (2964),15092,C:\Windows\servicing\Packages\Microsoft-Windows-ServerCore-SKU-Foundation-Package~31bf3856ad364e35~amd64~en-US~10.0.14393.0.mum,Read,Very Low,51.012,51.012,"13,312",27.974756074,0,0
0,Ntrtscan.exe (2964),15092,C:\Windows\servicing\Packages\Microsoft-Windows-ServerCore-SKU-Foundation-Package~31bf3856ad364e35~amd64~~10.0.14393.0.cat,Read,Very Low,158.635,158.635,"9,216",28.974803975,0,0
0,xperf.exe (28832),30484,C:\Temp\combined.user.etl,Read,Normal,724.747,724.747,"524,288",29.975182213,0,1
0,System (4),7780,C:\Temp\combined.user.etl,Read,Normal,155.525,155.525,"32,768",29.976630464,1,1
0,System (4),7780,C:\Temp\combined.user.etl,Read,Normal,129.085,129.085,"4,096",29.976959555,1,1
0,System (4),7780,C:\Temp\combined.user.etl,Read,Normal,99.225,99.225,"8,192",29.977715719,1,1
0,System (4),7780,C:\Temp\combined.user.etl,Read,Normal,102.335,102.335,"12,288",29.977893640,1,1
0,System (4),7780,C:\Temp\combined.user.etl,Read,Normal,102.957,102.957,"16,384",29.978071250,1,1
0,Ntrtscan.exe (2964),15092,C:\Windows\servicing\Packages\Microsoft-Windows-ServerCore-SKU-Foundation-Package~31bf3856ad364e35~amd64~~10.0.14393.0.mum,Read,Very Low,"29,353.836","109,132.380","16,384",30.083743194,1,0
0,Ntrtscan.exe (2964),15092,C:\Windows\servicing\Packages\Microsoft-Windows-ServerCore-SKU-Foundation-Package~31bf3856ad364e35~amd64~~10.0.14393.0.mum,Read,Very Low,138.728,138.728,"16,384",30.084103079,0,0
0,Ntrtscan.exe (2964),15092,C:\Windows\servicing\Packages\Microsoft-Windows-ServerCore-SKU-Foundation-Package~31bf3856ad364e35~amd64~~10.0.14393.0.mum,Read,Very Low,106.379,106.379,"9,728",30.084334812,0,0
0,System (4),14272,C:\Temp\combined.etl_rundown,Read,Normal,96.425,96.425,512,30.360168800,0,0
0,Ntrtscan.exe (2964),15092,C:\Program Files (x86)\Trend Micro\OfficeScan Client\Cache\CommonScanCache.db,Write,Very Low,66.253,66.253,"4,096",0.945737550,0,0
0,syngo.Common.Communication.DynamicServices.Host.exe (8876),9468,C:\ProgramData\Siemens\syngo\Logging\Logging.db-wal,Write,Normal,85.849,85.849,"40,960",1.176367502,0,0
0,syngo.Common.Communication.DynamicServices.Host.exe (8876),9468,C:\$LogFile,Write,Normal,67.186,67.186,"45,056",1.176545112,0,0
0,System (4),33868,C:\$LogFile,Write,Normal,115.710,115.710,"16,384",1.629408829,0,0
0,System (4),33868,C:\$Extend\$UsnJrnl:$J,Write,Normal,88.960,88.960,"36,352",1.629844922,0,8
0,System (4),33860,C:\$Mft,Write,Normal,8.087,88.960,"4,096",1.629853009,1,7
0,System (4),33888,C:\Program Files (x86)\Siemens\Siemens OPENLink\23050007\LOG,Write,Normal,4.977,93.626,"4,096",1.629857986,2,6
0,System (4),33864,C:\$Mft::$BITMAP,Write,Normal,54.123,145.571,"4,096",1.629912109,3,7
0,System (4),28720,C:\$BitMap,Write,Normal,2.488,110.111,"4,096",1.629914597,4,6
0,System (4),33872,C:\Windows\Temp,Write,Normal,42.303,126.597,"8,192",1.629956900,6,6
0,System (4),33872,C:\Windows\Temp,Write,Normal,6.843,128.463,"8,192",1.629963743,7,5
0,System (4),16876,C:\store\LOG\MR\QMS\20190130\da940c8d-effe-4e43-a6a9-902d8edd464c,Write,Normal,2.178,123.175,"4,096",1.629965921,8,4
0,System (4),33880,C:\store\LOG\MR\QMS\20190130,Write,Normal,2.488,138.728,"4,096",1.629968409,5,3
0,System (4),33860,C:\$Mft,Write,Normal,41.681,112.289,"4,096",1.630010090,7,2
0,System (4),33868,C:\$Extend\$UsnJrnl:$J,Write,Normal,5.599,122.553,"4,096",1.630015689,6,1
0,System (4),28720,C:\$BitMap,Write,Normal,23.018,89.271,"4,096",1.630038707,6,3
0,System (4),33864,C:\$Mft::$BITMAP,Write,Normal,48.524,63.143,"4,096",1.630087231,2,4
0,System (4),33880,C:\store\CSM_DEFAULT_SCOPE\IKM_AT_ATServiceManager,Write,Normal,56.611,124.731,"4,096",1.630143842,1,4
0,System (4),16876,C:\store\CSM_DEFAULT_SCOPE,Write,Normal,6.532,124.109,"4,096",1.630150374,3,3
0,System (4),28720,C:\$BitMap,Write,Normal,40.125,117.266,"4,096",1.630190499,4,2
0,System (4),33860,C:\$Mft,Write,Normal,6.532,135.929,"4,096",1.630197031,3,2
0,System (4),33864,C:\$Mft::$BITMAP,Write,Normal,51.013,125.664,"4,096",1.630248044,4,5
0,System (4),16876,C:\Program Files\Siemens\syngo\bin,Write,Normal,49.457,102.646,"4,096",1.630297501,2,4
0,System (4),33872,C:\ProgramData\Siemens\syngo\Logging,Write,Normal,1.555,100.469,"4,096",1.630299056,2,3
0,System (4),28720,C:\$BitMap,Write,Normal,36.393,110.422,"4,096",1.630335449,4,5
0,System (4),33860,C:\$Mft,Write,Normal,4.043,105.757,"4,096",1.630339492,5,4
0,System (4),33880,C:\Program Files\Siemens\syngo,Write,Normal,4.977,123.798,"4,096",1.630344469,3,3
0,System (4),33868,C:\ProgramData\Microsoft\Diagnosis\DownloadedSettings,Write,Normal,95.804,124.420,"4,096",1.630440273,4,5
0,System (4),16876,C:\Program Files\Siemens\syngo\bin,Write,Normal,6.221,112.289,"4,096",1.630446494,5,4
0,System (4),33864,C:\Users\adminUser\AppData\Local\Temp,Write,Normal,1.866,146.815,"4,096",1.630448360,3,3
0,System (4),33872,C:\store\LOG\Workflow,Write,Normal,13.064,111.667,"4,096",1.630461424,3,3
0,System (4),28720,C:\$BitMap,Write,Normal,4.666,95.492,"4,096",1.630466090,4,3
0,System (4),33860,C:\$Mft,Write,Normal,7.154,101.091,"4,096",1.630473244,5,2
0,System (4),33880,C:\store\LOG,Write,Normal,75.897,90.826,"4,096",1.630549141,3,6
0,System (4),17732,C:\Temp,Write,Normal,57.855,144.327,"4,096",1.630606996,3,6
0,System (4),16876,C:\Program Files\Siemens\syngo\bin,Write,Normal,6.532,120.998,"4,096",1.630613528,2,5
0,System (4),28720,C:\$BitMap,Write,Normal,3.110,119.754,"8,192",1.630616638,4,4
0,System (4),33864,C:\Windows\System32\winevt\Logs\Microsoft-Windows-Known Folders API Service.evtx,Write,Normal,4.355,127.219,"4,096",1.630620993,3,3
0,System (4),33860,C:\$Mft,Write,Normal,36.393,142.772,"4,096",1.630657386,0,5
0,System (4),33868,C:\Program Files (x86)\Siemens\Siemens OPENLink\23050007\LOG\OPLSRV_04.ERR,Write,Normal,7.154,149.926,"4,096",1.630664540,6,5
0,System (4),33872,C:\store\LOG\Workflow,Write,Normal,13.375,165.167,"4,096",1.630677915,5,5
0,System (4),33880,C:\Windows\System32\winevt\Logs\Security.evtx,Write,Normal,55.056,147.126,"65,536",1.630732971,6,8
0,System (4),33864,C:\Windows\System32\winevt\Logs\Microsoft-Windows-Known Folders API Service.evtx,Write,Normal,7.777,92.070,"4,096",1.630740748,4,7
0,System (4),33888,C:\Windows\System32\winevt\Logs\UsageTrail.evtx,Write,Normal,52.256,164.856,"32,256",1.630793004,3,7
0,System (4),28720,C:\$BitMap,Write,Normal,4.044,126.286,"8,192",1.630797048,5,6
0,System (4),17732,C:\Temp\combined.log,Write,Normal,5.288,139.039,"1,536",1.630802336,5,5
0,System (4),33860,C:\$Mft,Write,Normal,30.483,126.597,"4,096",1.630832819,5,6
0,System (4),33872,C:\store\LOG\Workflow,Write,Normal,14.619,129.708,"4,096",1.630847438,8,5
0,System (4),33868,C:\Program Files (x86)\Siemens\Siemens OPENLink\23050007\LOG\OPLSRV_04.ERR,Write,Normal,3.733,140.594,"4,096",1.630851171,6,4
0,System (4),16876,C:\store\LOG\NetMSC.log,Write,Normal,1.866,137.484,"4,608",1.630853037,7,3
0,System (4),33880,C:\store\LOG\syngo.txt,Write,Normal,34.838,104.512,"9,728",1.630887875,7,4
0,System (4),28720,C:\$BitMap,Write,Normal,37.326,93.315,"8,192",1.630925201,6,5
0,System (4),33864,C:\store\LOG\ViewingHost\syngo.Viewing.Shell.Host.exe_hlm_10016.out,Write,Normal,5.287,109.800,"12,288",1.630930488,5,4
0,System (4),33860,C:\$Mft,Write,Normal,41.681,101.402,"4,096",1.630972169,4,5
0,System (4),33888,C:\store\LOG\ViewingHost\syngo.Viewing.Shell.Host.exe_host_27320.out,Write,Normal,4.355,117.266,"8,704",1.630976524,3,4
0,System (4),16876,C:\store\LOG\UtilizationEvents.txt,Write,Normal,36.393,106.068,"3,584",1.631012917,5,6
0,System (4),33872,C:\store\LOG\LocalLog\syngo_Services_Workflow_Server_exe_with_merged_config_syngo_8248.txt,Write,Normal,5.910,126.597,"4,608",1.631018827,4,5
0,System (4),33868,C:\store\LOG\Workflow\PredictionSvcEvt-2019-01-30.csv,Write,Normal,34.837,107.623,"1,536",1.631053664,4,5
0,System (4),33880,C:\store\LOG\Workflow\Autoreport,Write,Normal,4.044,98.914,"4,096",1.631057708,5,4
0,System (4),28720,C:\$BitMap,Write,Normal,37.015,107.623,"4,096",1.631094723,4,4
0,System (4),33864,C:\store\LOG\Workflow\Autoreport\PredictionSvcSnap-2019-01-30_04-30-18.xml,Write,Normal,5.910,112.289,"2,560",1.631100633,5,3
0,System (4),33860,C:\$Mft,Write,Normal,40.748,129.397,"4,096",1.631141381,6,3
0,System (4),33888,C:\store\LOG\LocalLog\syngo_Viewing_Shell_Host_exe_syngo_27320.txt,Write,Normal,13.686,114.466,"21,504",1.631155067,5,2
0,System (4),33880,C:\store\LOG\Workflow\Autoreport,Write,Normal,26.439,88.960,"4,096",1.631181506,4,1
0,System (4),28720,C:\$BitMap,Write,Normal,9.332,60.343,"4,096",1.631190838,3,0
0,System (4),33860,C:\$Mft,Write,Normal,53.500,53.500,"4,096",1.631252115,0,1
0,System (4),28720,C:\$BitMap,Write,Normal,11.197,38.570,"4,096",1.631263312,1,0
0,System (4),33860,C:\$Mft,Write,Normal,44.169,44.169,"4,096",1.631325212,0,1
0,System (4),28720,C:\$BitMap,Write,Normal,21.151,34.837,"4,096",1.631346363,1,0
0,System (4),33860,C:\$Mft,Write,Normal,41.680,41.680,"4,096",1.631389599,0,1
0,System (4),28720,C:\$BitMap,Write,Normal,39.814,51.323,"8,192",1.631429413,1,1
0,System (4),33860,C:\$Mft,Write,Normal,31.728,47.590,"4,096",1.631461141,1,1
0,System (4),28720,C:\$BitMap,Write,Normal,32.660,39.814,"4,096",1.631493801,1,1
0,System (4),33860,C:\$Mft,Write,Normal,48.213,50.079,"4,096",1.631542014,1,1
0,System (4),28720,C:\$BitMap,Write,Normal,52.878,65.009,"4,096",1.631594892,1,1
0,System (4),33860,C:\$Mft,Write,Normal,31.105,46.968,"4,096",1.631625997,1,0
0,System (4),33860,C:\$Mft,Write,Normal,42.924,42.924,"4,096",1.631699716,0,0
0,System (4),33860,C:\$Mft,Write,Normal,37.326,37.326,"4,096",1.631764726,0,0
0,System (4),33860,C:\$Mft,Write,Normal,43.236,43.236,"4,096",1.631881681,0,0
0,System (4),33860,C:\$Mft,Write,Normal,41.058,41.058,"4,096",1.631952911,0,0
0,System (4),33860,C:\$Mft,Write,Normal,38.570,38.570,"4,096",1.632029741,0,0
0,System (4),33860,C:\$Mft,Write,Normal,40.436,40.436,"8,192",1.632102216,0,0
0,System (4),33860,C:\$Mft,Write,Normal,60.965,60.965,"4,096",1.632227569,0,0
0,System (4),33860,C:\$Mft,Write,Normal,39.192,39.192,"4,096",1.632297244,0,0
0,System (4),33860,C:\$Mft,Write,Normal,41.369,41.369,"4,096",1.632401135,0,0
0,System (4),33860,C:\$Mft,Write,Normal,40.747,40.747,"4,096",1.632472366,0,0
0,System (4),33860,C:\$Mft,Write,Normal,41.991,41.991,"4,096",1.632583100,0,0
0,System (4),33860,C:\$Mft,Write,Normal,37.326,37.326,"4,096",1.632667083,0,0
0,System (4),33860,C:\$Mft,Write,Normal,36.703,36.703,"4,096",1.632743291,0,0
0,System (4),33860,C:\$Mft,Write,Normal,58.166,58.166,"4,096",1.632835051,0,0
0,System (4),33860,C:\$Mft,Write,Normal,52.567,52.567,"4,096",1.632926500,0,0
0,dsamain.exe (2648),11860,C:\Program Files\Siemens\syngo\bin\ADAM\SyngoConfiguration\edb.log,Write,Normal,70.297,70.297,"4,096",2.203254085,0,0
0,dsamain.exe (2648),11860,C:\Program Files\Siemens\syngo\bin\ADAM\SyngoConfiguration\edb.log,Write,Normal,47.590,47.590,"4,096",2.203651919,0,0
0,dsamain.exe (2648),11864,C:\Program Files\Siemens\syngo\bin\ADAM\SyngoConfiguration\edb.log,Write,Normal,41.991,41.991,"4,096",2.210019745,0,0
0,dsamain.exe (2648),11864,C:\Program Files\Siemens\syngo\bin\ADAM\SyngoConfiguration\edb.log,Write,Normal,36.392,36.392,"4,096",2.210419445,0,0
0,dsamain.exe (2648),11860,C:\Program Files\Siemens\syngo\bin\ADAM\SyngoConfiguration\edb.log,Write,Normal,40.125,40.125,"4,096",2.216618370,0,0
0,dsamain.exe (2648),11860,C:\Program Files\Siemens\syngo\bin\ADAM\SyngoConfiguration\edb.log,Write,Normal,36.392,36.392,"4,096",2.216973279,0,0
0,dsamain.exe (2648),11860,C:\Program Files\Siemens\syngo\bin\ADAM\SyngoConfiguration\edb.log,Write,Normal,46.346,46.346,"4,096",2.236337417,0,0
0,dsamain.exe (2648),11860,C:\Program Files\Siemens\syngo\bin\ADAM\SyngoConfiguration\edb.log,Write,Normal,34.526,34.526,"4,096",2.236785019,0,0
0,dsamain.exe (2648),11864,C:\Program Files\Siemens\syngo\bin\ADAM\SyngoConfiguration\edb.log,Write,Normal,40.125,40.125,"4,096",2.243326722,0,0
0,dsamain.exe (2648),11864,C:\Program Files\Siemens\syngo\bin\ADAM\SyngoConfiguration\edb.log,Write,Normal,36.392,36.392,"4,096",2.243712114,0,0
0,dsamain.exe (2648),11860,C:\Program Files\Siemens\syngo\bin\ADAM\SyngoConfiguration\edb.log,Write,Normal,52.256,52.256,"4,096",2.249769200,0,0
0,dsamain.exe (2648),11860,C:\Program Files\Siemens\syngo\bin\ADAM\SyngoConfiguration\edb.log,Write,Normal,46.968,46.968,"4,096",2.250174499,0,0
0,syngo.Common.Communication.DynamicServices.Host.exe (8876),9468,C:\ProgramData\Siemens\syngo\Logging\Logging.db-wal,Write,Normal,70.608,70.608,"24,576",2.301375900,0,0
0,syngo.Common.Communication.DynamicServices.Host.exe (8876),9468,C:\$LogFile,Write,Normal,82.117,82.117,"65,536",2.301595502,0,0
0,syngo.Common.Communication.DynamicServices.Host.exe (8876),9468,C:\$LogFile,Write,Normal,36.392,36.392,"4,096",2.301662378,0,0
0,System (4),17732,C:\store\LOG\syngo.txt,Write,Normal,108.245,108.245,"3,584",3.020045027,0,4
0,System (4),23848,C:\store\LOG\UtilizationEvents.txt,Write,Normal,18.041,126.597,"7,680",3.020063068,1,3
0,System (4),28720,C:\store\LOG\LocalLog\syngo_Viewing_Shell_Host_exe_syngo_27320.txt,Write,Normal,0.622,127.530,"10,240",3.020063690,0,2
0,System (4),33872,C:\store\LOG\ViewingHost\syngo.Viewing.Shell.Host.exe_host_27320.out,Write,Normal,18.041,144.949,"1,024",3.020081731,2,1
0,System (4),33880,C:\store\LOG\NetMSC.log,Write,Normal,0.000,104.824,"1,024",3.020081731,3,0
0,System (4),28720,C:\store\LOG\LocalLog\syngo_Common_Container_exe_syngo_13020.txt,Write,Normal,42.302,42.302,"3,072",3.020197442,0,0
0,System (4),23848,C:\Program Files\Siemens\syngo\bin\Common\Licensing\LOG\flexlm.log,Write,Normal,89.271,89.271,"2,048",3.020473966,0,0
0,syngo.Common.Communication.DynamicServices.Host.exe (8876),9468,C:\ProgramData\Siemens\syngo\Logging\Logging.db-wal,Write,Normal,165.167,165.167,"24,576",3.426477614,0,0
0,syngo.Common.Communication.DynamicServices.Host.exe (8876),9468,C:\$LogFile,Write,Normal,111.667,111.667,"24,576",3.426753205,0,0
0,System (4),33888,C:\Windows\System32\winevt\Logs\Security.evtx,Write,Normal,118.199,118.199,"65,536",4.379491258,0,0
0,System (4),33888,C:\$LogFile,Write,Normal,166.100,166.100,"61,440",4.864011829,0,0
0,System (4),33888,C:\$LogFile,Write,Normal,142.461,142.461,"4,096",4.864218989,0,0
0,System (4),33888,C:\$LogFile,Write,Normal,139.350,139.350,"4,096",4.864435169,0,0
0,System (4),28720,C:\Program Files (x86)\Siemens\Siemens OPENLink\23050007\LOG\OPLSRV_04.ERR,Write,Normal,133.440,133.440,"8,192",5.738908250,0,1
0,System (4),33888,C:\$LogFile,Write,Normal,81.806,102.646,"16,384",5.738990056,1,0
0,System (4),28720,C:\Program Files (x86)\Siemens\Siemens OPENLink\23050007\LOG\OPLSRV_04.ERR,Write,Normal,87.094,87.094,"4,096",5.739115409,0,1
0,System (4),33888,C:\Program Files (x86)\Siemens\Siemens OPENLink\23050007\LOG\OPLSRV_99.ERR,Write,Normal,48.835,125.042,"90,112",5.739164244,1,0
0,System (4),33888,C:\Program Files (x86)\Siemens\Siemens OPENLink\23050007\LOG\OPLSRV_99.ERR,Write,Normal,128.463,128.463,"4,096",5.739423038,0,0
0,System (4),33860,C:\store\LOG\DataStorage\syngo.Services.sDM.Server.exe_log\2019.01.29_23.14.51.669_+01\syngo.Services.sDM.Server.exe_11052@1.out,Write,Normal,111.667,111.667,"27,648",7.113969527,1,1
0,System (4),33860,C:\store\LOG\DataStorage\syngo.Services.sDM.Server.exe_log\2019.01.29_23.14.51.669_+01\syngo.Services.sDM.Server.exe_11052@1.out,Write,Normal,3.732,130.641,"16,384",7.113973259,0,0
0,TAU.Remoting.Hoster.exe (2092),23136,Unknown (0x0),Write,Normal,75.274,75.274,"4,096",7.532513176,0,0
0,System (4),16876,C:\$LogFile,Write,Normal,181.342,181.342,"36,864",8.489059109,0,0
0,System (4),16876,C:\$LogFile,Write,Normal,173.255,173.255,"40,960",8.489300484,0,0
0,System (4),16876,C:\Program Files\Siemens\syngo\bin\syngo.Common.Container.exe.config,Write,Normal,153.658,153.658,"10,752",8.489517597,3,3
0,System (4),16876,C:\Program Files\Siemens\syngo\bin\syngo.Common.Container.exe.config,Write,Normal,6.844,163.923,"8,192",8.489524441,2,2
0,System (4),16876,C:\Program Files\Siemens\syngo\bin\syngo.Common.Container.exe.config,Write,Normal,2.177,168.589,"4,096",8.489526618,1,1
0,System (4),16876,C:\Program Files\Siemens\syngo\bin\syngo.Common.Container.exe.config,Write,Normal,12.442,187.563,"4,096",8.489539060,0,0
0,System (4),16876,C:\$LogFile,Write,Normal,124.109,124.109,"65,536",9.864038269,0,0
0,System (4),16876,C:\$LogFile,Write,Normal,74.963,74.963,"4,096",9.864167044,0,2
0,System (4),33860,C:\Program Files (x86)\Siemens\Siemens OPENLink\23050007\LOG\OPLSRV_04.ERR,Write,Normal,3.110,63.143,"4,096",9.864170154,2,1
0,System (4),28720,C:\Program Files (x86)\Siemens\Siemens OPENLink\23050007\LOG\OPLSRV_11.ERR,Write,Normal,9.643,85.849,"28,672",9.864179797,1,0
0,System (4),28720,C:\Program Files (x86)\Siemens\Siemens OPENLink\23050007\LOG\OPLSRV_11.ERR,Write,Normal,65.631,65.631,"4,096",9.864293952,1,2
0,System (4),16876,C:\$Mft,Write,Normal,4.355,56.300,"4,096",9.864298307,2,1
0,System (4),33860,C:\Program Files (x86)\Siemens\Siemens OPENLink\23050007\LOG\OPLSRV_04.ERR,Write,Normal,5.599,89.582,"4,096",9.864303906,1,0
0,System (4),16876,C:\Windows\System32\winevt\Logs\Security.evtx,Write,Normal,174.810,174.810,"65,536",12.582815952,0,0
0,System (4),33888,C:\Windows\System32\winevt\Logs\Microsoft-Windows-PushNotification-Platform%4Operational.evtx,Write,Normal,130.019,130.019,"65,536",13.942197795,0,1
0,System (4),28720,C:\$LogFile,Write,Normal,23.329,125.664,"61,440",13.942221124,1,0
0,System (4),28720,C:\Program Files (x86)\Siemens\Siemens OPENLink\23050007\LOG\OPLSRV_04.ERR,Write,Normal,116.643,116.643,"4,096",13.942363896,0,0
0,System (4),28720,C:\Program Files (x86)\Siemens\Siemens OPENLink\23050007\LOG\OPLSRV_04.ERR,Write,Normal,65.942,65.942,"4,096",13.942463743,1,1
0,System (4),28720,C:\$LogFile,Write,Normal,161.124,161.124,"86,016",14.864235164,0,0
0,System (4),28720,C:\$LogFile,Write,Normal,64.698,64.698,"4,096",14.864385090,0,0
0,System (4),28720,C:\$LogFile,Write,Normal,61.276,61.276,"4,096",14.864488359,0,0
0,Ntrtscan.exe (2964),15092,C:\Program Files (x86)\Trend Micro\OfficeScan Client\Cache\CommonScanCache.db,Write,Very Low,97.980,97.980,"4,096",14.961589306,0,0
0,System (4),28720,C:\Program Files (x86)\Trend Micro\OfficeScan Client\Cache\CommonScanCache.db,Write,Normal,67.497,67.497,"4,096",15.317196862,0,0
0,System (4),904,C:\Windows\System32\Config\SOFTWARE.LOG1,Write,Normal,206.226,206.226,"53,248",16.022604040,0,0
0,System (4),904,C:\$LogFile,Write,Normal,142.772,142.772,"20,480",16.022861278,0,0
0,System (4),21840,C:\Windows\System32\winevt\Logs\DevLogService.evtx,Write,Normal,190.051,190.051,"4,096",16.676767202,0,0
0,System (4),21840,C:\Windows\System32\winevt\Logs\DevLogService.evtx,Write,Normal,109.800,109.800,"25,088",16.676995202,0,0
0,Ntrtscan.exe (2964),15092,C:\Program Files (x86)\Trend Micro\OfficeScan Client\Cache\CommonScanCache.db,Write,Very Low,117.577,117.577,"4,096",17.963605846,0,0
0,System (4),23848,C:\$LogFile,Write,Normal,84.294,84.294,"32,768",18.036114207,0,0
0,System (4),33880,C:\$Mft::$BITMAP,Write,Normal,41.991,41.991,"4,096",18.036544701,1,1
0,System (4),23848,C:\$Extend\$UsnJrnl:$J,Write,Normal,85.228,159.257,"28,672",18.036629929,0,1
0,System (4),33860,C:\Program Files\Siemens\syngo\bin,Write,Normal,20.840,89.893,"4,096",18.036650769,1,0
0,System (4),28720,C:\Program Files (x86)\Siemens\Siemens OPENLink\23050007\LOG,Write,Normal,50.079,50.079,"4,096",18.036735686,0,2
0,System (4),33872,C:\$BitMap,Write,Normal,42.303,69.053,"4,096",18.036777989,1,3
0,System (4),21840,C:\ProgramData\Siemens\syngo\Logging,Write,Normal,16.486,77.140,"4,096",18.036794475,2,2
0,System (4),33888,C:\$Mft,Write,Normal,20.529,67.186,"4,096",18.036815004,2,2
0,System (4),33864,C:\Program Files\Siemens\syngo\OperationalManagement\FileTransfer,Write,Normal,16.797,59.721,"4,096",18.036831801,3,1
0,System (4),23848,C:\Program Files (x86)\Siemens\Siemens OPENLink\23050007\LOG\OPLSRV_04.ERR,Write,Normal,20.840,45.102,"8,192",18.036852641,2,0
0,System (4),23848,C:\Program Files (x86)\Siemens\Siemens OPENLink\23050007\LOG\OPLSRV_04.ERR,Write,Normal,59.410,59.410,"4,096",18.036942224,1,2
0,System (4),33860,C:\Program Files\Siemens\syngo\bin,Write,Normal,58.788,109.489,"4,096",18.037001012,2,2
0,System (4),33880,C:\Program Files\Siemens\syngo,Write,Normal,1.244,139.661,"4,096",18.037002256,0,1
0,System (4),33872,C:\$BitMap,Write,Normal,38.571,69.364,"4,096",18.037040827,2,1
0,System (4),33888,C:\$Mft,Write,Normal,59.099,78.695,"4,096",18.037099926,1,1
0,System (4),33860,C:\Program Files\Siemens\syngo\bin,Write,Normal,53.501,66.564,"4,096",18.037153427,1,1
0,System (4),33872,C:\$BitMap,Write,Normal,75.585,79.006,"4,096",18.037229012,1,1
0,System (4),33888,C:\$Mft,Write,Normal,35.460,78.384,"4,096",18.037264472,1,0
0,System (4),33888,C:\$Mft,Write,Normal,49.768,49.768,"4,096",18.037379872,1,1
0,System (4),33872,C:\$BitMap,Write,Normal,32.660,109.178,"4,096",18.037412532,0,0
0,System (4),33872,C:\$BitMap,Write,Normal,62.521,62.521,"4,096",18.037509891,0,1
0,System (4),33888,C:\$Mft,Write,Normal,4.666,58.166,"4,096",18.037514557,1,0
0,System (4),33872,C:\$BitMap,Write,Normal,60.032,60.032,"8,192",18.037635244,0,1
0,System (4),33888,C:\$Mft,Write,Normal,5.288,60.965,"4,096",18.037640532,1,0
0,System (4),33872,C:\$BitMap,Write,Normal,59.721,59.721,"4,096",18.037755621,0,1
0,System (4),33888,C:\$Mft,Write,Normal,8.087,60.965,"4,096",18.037763708,1,0
0,System (4),33872,C:\$BitMap,Write,Normal,60.032,60.032,"4,096",18.037878797,0,1
0,System (4),33888,C:\$Mft,Write,Normal,11.820,67.497,"4,096",18.037890617,1,0
0,System (4),33888,C:\$Mft,Write,Normal,51.634,51.634,"4,096",18.038002906,0,0
0,System (4),33888,C:\$Mft,Write,Normal,38.259,38.259,"8,192",18.038107730,0,0
0,System (4),33888,C:\$Mft,Write,Normal,32.660,32.660,"4,096",18.038220330,0,0
0,System (4),33888,C:\$Mft,Write,Normal,47.901,47.901,"4,096",18.038322666,0,0
0,System (4),33888,C:\$Mft,Write,Normal,44.791,44.791,"4,096",18.038390786,0,0
0,System (4),33888,C:\$Mft,Write,Normal,29.238,29.238,"4,096",18.038477880,0,0
0,System (4),33888,C:\$Mft,Write,Normal,41.991,41.991,"4,096",18.038577416,0,0
0,System (4),33888,C:\$Mft,Write,Normal,46.657,46.657,"4,096",18.038647092,0,0
0,System (4),33888,C:\$Mft,Write,Normal,35.148,35.148,"4,096",18.038740407,0,0
0,System (4),33888,C:\$Mft,Write,Normal,32.660,32.660,"4,096",18.038851452,0,0
0,System (4),33888,C:\$Mft,Write,Normal,45.724,45.724,"4,096",18.038945700,0,0
0,System (4),33888,C:\$Mft,Write,Normal,46.657,46.657,"4,096",18.039016931,0,0
0,System (4),33888,C:\$Mft,Write,Normal,36.392,36.392,"4,096",18.039112112,0,0
0,System (4),33888,C:\$Mft,Write,Normal,33.904,33.904,"4,096",18.039224090,0,0
0,System (4),33888,C:\$Mft,Write,Normal,49.145,49.145,"8,192",18.039326737,0,0
0,System (4),33888,C:\$Mft,Write,Normal,48.523,48.523,"4,096",18.039398901,0,0
0,System (4),33888,C:\$Mft,Write,Normal,34.215,34.215,"4,096",18.039491283,0,0
0,System (4),33888,C:\$LogFile,Write,Normal,199.694,199.694,"90,112",19.865013412,0,0
0,System (4),33888,C:\$LogFile,Write,Normal,156.147,156.147,"4,096",19.865282471,0,0
0,System (4),33888,C:\$LogFile,Write,Normal,147.126,147.126,"4,096",19.865471589,0,0
0,System (4),33880,C:\Windows\System32\winevt\Logs\Security.evtx,Write,Normal,172.010,172.010,"65,536",20.771223909,0,0
0,System (4),33880,C:\$LogFile,Write,Normal,94.870,94.870,"20,480",22.130629703,0,0
0,System (4),33880,C:\Program Files (x86)\Siemens\Siemens OPENLink\23050007\LOG\OPLSRV_04.ERR,Write,Normal,165.478,165.478,"4,096",22.130867967,0,0
0,System (4),33880,C:\Program Files (x86)\Siemens\Siemens OPENLink\23050007\LOG\OPLSRV_04.ERR,Write,Normal,119.754,119.754,"4,096",22.131076993,0,0
0,System (4),904,C:\$LogFile,Write,Normal,82.117,82.117,"28,672",23.099547359,0,0
0,System (4),904,C:\Windows\System32\Config\SYSTEM.LOG1,Write,Normal,104.201,104.201,"20,480",23.099694175,0,0
0,System (4),23848,C:\$LogFile,Write,Normal,119.754,119.754,"36,864",24.865016834,0,0
0,System (4),23848,C:\$Mft,Write,Normal,140.594,140.594,"4,096",24.865240790,0,0
0,System (4),33880,C:\Program Files (x86)\Siemens\Siemens OPENLink\23050007\LOG\OPLSRV_04.ERR,Write,Normal,91.137,91.137,"4,096",26.240025232,0,0
0,System (4),33880,C:\Program Files (x86)\Siemens\Siemens OPENLink\23050007\LOG\OPLSRV_04.ERR,Write,Normal,126.286,126.286,"4,096",26.240274694,0,0
0,System (4),33880,C:\Windows\System32\winevt\Logs\Security.evtx,Write,Normal,138.106,138.106,"65,536",27.615033941,0,1
0,System (4),33888,C:\$LogFile,Write,Normal,51.946,126.597,"98,304",27.615085887,1,0
0,System (4),33888,C:\Program Files (x86)\Siemens\Siemens OPENLink\23050007\LOG\OPLSRV_04.ERR,Write,Normal,69.986,69.986,"5,120",27.615195377,0,1
0,System (4),33864,C:\Program Files (x86)\Siemens\Siemens OPENLink\23050007\LOG\OPLSRV_99.ERR,Write,Normal,50.701,113.222,"90,112",27.615246078,1,0
0,System (4),33864,C:\Program Files (x86)\Siemens\Siemens OPENLink\23050007\LOG\OPLSRV_99.ERR,Write,Normal,63.143,63.143,"4,096",27.615338460,0,0
0,System (4),33864,C:\$LogFile,Write,Normal,102.646,102.646,"36,864",28.990147475,0,0
0,System (4),33864,C:\Program Files (x86)\Siemens\Siemens OPENLink\23050007\LOG\OPLSRV_04.ERR,Write,Normal,68.431,68.431,"1,024",28.990253854,0,0
0,xperf.exe (28832),30484,C:\$LogFile,Write,Normal,85.227,85.227,"16,384",29.243969663,0,0
0,xperf.exe (28832),30484,C:\Temp\combined.user.etl,Write,Normal,642.319,642.319,"524,288",29.244771552,0,0
0,xperf.exe (28832),30484,C:\Temp\combined.user.etl,Write,Normal,682.755,682.755,"524,288",29.245665511,0,0
0,xperf.exe (28832),30484,C:\Temp\combined.user.etl,Write,Normal,561.446,561.446,"524,288",29.246372840,0,0
0,xperf.exe (28832),30484,C:\Temp\combined.user.etl,Write,Normal,"1,264.731","1,264.731","524,288",29.247839754,0,0
0,xperf.exe (28832),30484,C:\Temp\combined.user.etl,Write,Normal,585.085,585.085,"524,288",29.248553926,0,0
0,xperf.exe (28832),30484,C:\Temp\combined.user.etl,Write,Normal,584.463,584.463,"524,288",29.249268720,0,0
0,xperf.exe (28832),30484,C:\Temp\combined.user.etl,Write,Normal,583.530,583.530,"524,288",29.249979159,0,0
0,xperf.exe (28832),30484,C:\Temp\combined.user.etl,Write,Normal,435.781,435.781,"188,416",29.250597839,0,1
0,xperf.exe (28832),30484,C:\Temp\combined.user.etl,Write,Normal,166.412,597.528,"335,872",29.250764251,1,0
0,xperf.exe (28832),30484,C:\Temp\combined.user.etl,Write,Normal,575.754,575.754,"524,288",29.251460071,0,0
0,System (4),33872,C:\$LogFile,Write,Normal,138.106,138.106,"73,728",29.865259453,0,0
0,System (4),33872,C:\$LogFile,Write,Normal,114.777,114.777,"4,096",29.865446705,0,0
0,System (4),33872,C:\$LogFile,Write,Normal,89.893,89.893,"4,096",29.865584501,0,0
0,xperf.exe (28832),30484,C:\$LogFile,Write,Normal,131.263,131.263,"4,096",29.975444740,1,1
0,xperf.exe (28832),30484,C:\Temp\combined.user.etl,Write,Normal,627.077,627.077,"524,288",29.976148025,1,1
0,xperf.exe (28832),30484,C:\$LogFile,Write,Normal,109.800,109.800,"12,288",29.983278858,1,1
0,xperf.exe (28832),30484,C:\Temp\combined.etl_rundown,Write,Normal,113.533,113.533,"65,536",29.983447136,1,1
0,System (4),14272,C:\Temp\combined.etl_rundown,Write,Normal,120.376,120.376,"65,536",30.003817211,1,1
0,System (4),14272,C:\Temp\combined.etl_rundown,Write,Normal,114.155,114.155,"65,536",30.003964960,1,1
0,System (4),14272,C:\Temp\combined.etl_rundown,Write,Normal,115.399,115.399,"65,536",30.004123285,1,1
0,System (4),14272,C:\Temp\combined.etl_rundown,Write,Normal,86.783,86.783,"65,536",30.004257659,1,1
0,System (4),14272,C:\Temp\combined.etl_rundown,Write,Normal,79.628,79.628,"65,536",30.004368393,1,1
0,System (4),14272,C:\Temp\combined.etl_rundown,Write,Normal,107.623,107.623,"65,536",30.004546314,1,1
0,System (4),14272,C:\Temp\combined.etl_rundown,Write,Normal,94.559,94.559,"65,536",30.004702461,1,1
0,System (4),14272,C:\Temp\combined.etl_rundown,Write,Normal,83.983,83.983,"65,536",30.004817239,1,1
0,System (4),14272,C:\Temp\combined.etl_rundown,Write,Normal,109.489,109.489,"65,536",30.004994537,1,1
0,System (4),14272,C:\Temp\combined.etl_rundown,Write,Normal,86.472,86.472,"65,536",30.005115225,1,1
0,System (4),14272,C:\Temp\combined.etl_rundown,Write,Normal,88.027,88.027,"65,536",30.005232491,1,1
0,System (4),14272,C:\Temp\combined.etl_rundown,Write,Normal,106.379,106.379,"65,536",30.005408235,1,1
0,System (4),14272,C:\Temp\combined.etl_rundown,Write,Normal,84.294,84.294,"65,536",30.005528922,1,1
0,System (4),14272,C:\Temp\combined.etl_rundown,Write,Normal,93.626,93.626,"65,536",30.005669517,1,1
0,System (4),14272,C:\Temp\combined.etl_rundown,Write,Normal,92.693,92.693,"65,536",30.005830952,1,1
0,System (4),14272,C:\Temp\combined.etl_rundown,Write,Normal,106.690,106.690,"65,536",30.005985544,1,1
0,System (4),14272,C:\Temp\combined.etl_rundown,Write,Normal,86.160,86.160,"65,536",30.006115875,1,1
0,System (4),14272,C:\Temp\combined.etl_rundown,Write,Normal,103.890,103.890,"65,536",30.006252115,1,1
0,System (4),14272,C:\Temp\combined.etl_rundown,Write,Normal,106.068,106.068,"65,536",30.006419460,1,1
0,System (4),14272,C:\Temp\combined.etl_rundown,Write,Normal,83.983,83.983,"65,536",30.006538592,1,1
0,System (4),14272,C:\Temp\combined.etl_rundown,Write,Normal,113.222,113.222,"65,536",30.006680742,1,1
0,System (4),14272,C:\Temp\combined.etl_rundown,Write,Normal,107.001,107.001,"65,536",30.017930817,1,1
0,System (4),14272,C:\Temp\combined.etl_rundown,Write,Normal,79.939,79.939,"65,536",30.018046528,1,1
0,System (4),14272,C:\Temp\combined.etl_rundown,Write,Normal,102.646,102.646,"65,536",30.018178102,1,1
0,System (4),14272,C:\Temp\combined.etl_rundown,Write,Normal,112.289,112.289,"65,536",30.018343270,1,1
0,System (4),14272,C:\Temp\combined.etl_rundown,Write,Normal,80.562,80.562,"65,536",30.018455559,1,1
0,System (4),14272,C:\Temp\combined.etl_rundown,Write,Normal,101.402,101.402,"65,536",30.018585267,1,1
0,System (4),14272,C:\Temp\combined.etl_rundown,Write,Normal,111.045,111.045,"65,536",30.018748880,1,1
0,System (4),14272,C:\Temp\combined.etl_rundown,Write,Normal,93.937,93.937,"65,536",30.018873922,1,1
0,System (4),14272,C:\Temp\combined.etl_rundown,Write,Normal,139.661,139.661,"65,536",30.019099123,1,1
0,System (4),14272,C:\Temp\combined.etl_rundown,Write,Normal,124.731,124.731,"65,536",30.019321213,1,1
0,System (4),14272,C:\Temp\combined.etl_rundown,Write,Normal,80.562,80.562,"65,536",30.019431636,1,1
0,System (4),14272,C:\Temp\combined.etl_rundown,Write,Normal,109.178,109.178,"65,536",30.019615466,1,1
0,System (4),14272,C:\Temp\combined.etl_rundown,Write,Normal,83.361,83.361,"65,536",30.019746730,1,1
0,System (4),14272,C:\Temp\combined.etl_rundown,Write,Normal,83.983,83.983,"65,536",30.019859641,1,1
0,System (4),14272,C:\Temp\combined.etl_rundown,Write,Normal,83.672,83.672,"65,536",30.019977529,1,1
0,System (4),14272,C:\Temp\combined.etl_rundown,Write,Normal,87.094,87.094,"65,536",30.020097595,1,1
0,System (4),14272,C:\Temp\combined.etl_rundown,Write,Normal,82.739,82.739,"65,536",30.020208329,1,1
0,System (4),14272,C:\Temp\combined.etl_rundown,Write,Normal,117.888,117.888,"65,536",30.020392782,1,1
0,System (4),14272,C:\Temp\combined.etl_rundown,Write,Normal,79.939,79.939,"65,536",30.020505693,1,1
0,System (4),14272,C:\Temp\combined.etl_rundown,Write,Normal,86.160,86.160,"65,536",30.020619849,1,1
0,System (4),14272,C:\Temp\combined.etl_rundown,Write,Normal,82.428,82.428,"65,536",30.020737426,1,1
0,System (4),14272,C:\Temp\combined.etl_rundown,Write,Normal,91.137,91.137,"65,536",30.028772793,1,1
0,System (4),14272,C:\Temp\combined.etl_rundown,Write,Normal,107.312,107.312,"65,536",30.028953203,1,1
0,System (4),14272,C:\Temp\combined.etl_rundown,Write,Normal,90.826,90.826,"65,536",30.029081044,1,1
0,System (4),14272,C:\Temp\combined.etl_rundown,Write,Normal,90.204,90.204,"65,536",30.029201421,1,1
0,System (4),14272,C:\Temp\combined.etl_rundown,Write,Normal,114.777,114.777,"65,536",30.029428177,1,1
0,System (4),14272,C:\Temp\combined.etl_rundown,Write,Normal,84.605,84.605,"65,536",30.029545132,1,1
0,System (4),14272,C:\Temp\combined.etl_rundown,Write,Normal,85.227,85.227,"65,536",30.029658354,1,1
0,System (4),14272,C:\Temp\combined.etl_rundown,Write,Normal,105.757,105.757,"65,536",30.029831609,1,1
0,System (4),14272,C:\Temp\combined.etl_rundown,Write,Normal,82.117,82.117,"65,536",30.029944832,1,1
0,System (4),14272,C:\Temp\combined.etl_rundown,Write,Normal,136.551,136.551,"65,536",30.030156346,1,1
0,System (4),14272,C:\Temp\combined.etl_rundown,Write,Normal,92.693,92.693,"65,536",30.030293830,1,1
0,System (4),14272,C:\Temp\combined.etl_rundown,Write,Normal,122.553,122.553,"65,536",30.030491347,1,1
0,System (4),14272,C:\Temp\combined.etl_rundown,Write,Normal,82.739,82.739,"65,536",30.030614212,1,1
0,System (4),14272,C:\Temp\combined.etl_rundown,Write,Normal,86.783,86.783,"65,536",30.030775025,1,1
0,System (4),14272,C:\Temp\combined.etl_rundown,Write,Normal,112.289,112.289,"65,536",30.030957301,1,1
0,System (4),14272,C:\Temp\combined.etl_rundown,Write,Normal,79.317,79.317,"65,536",30.031067102,1,1
0,System (4),14272,C:\Temp\combined.etl_rundown,Write,Normal,80.251,80.251,"65,536",30.031178458,1,1
0,System (4),14272,C:\Temp\combined.etl_rundown,Write,Normal,102.646,102.646,"65,536",30.031348603,1,1
0,System (4),14272,C:\Temp\combined.etl_rundown,Write,Normal,91.448,91.448,"65,536",30.031471467,1,1
0,System (4),14272,C:\Temp\combined.etl_rundown,Write,Normal,81.806,81.806,"65,536",30.031581890,1,1
0,System (4),14272,C:\Temp\combined.etl_rundown,Write,Normal,85.538,85.538,"4,096",30.031789672,1,2
0,System (4),14272,C:\Temp\combined.etl_rundown,Write,Normal,7.776,87.094,"61,440",30.031797448,2,1
0,System (4),14272,C:\Temp\combined.etl_rundown,Write,Normal,87.405,87.405,"65,536",30.031915959,1,1
0,System (4),14272,C:\Temp\combined.etl_rundown,Write,Normal,83.672,83.672,"65,536",30.032027626,1,1
0,System (4),14272,C:\Temp\combined.etl_rundown,Write,Normal,82.117,82.117,"65,536",30.032155468,1,1
0,System (4),14272,C:\Temp\combined.etl_rundown,Write,Normal,80.562,80.562,"65,536",30.032264646,1,1
0,System (4),14272,C:\Temp\combined.etl_rundown,Write,Normal,86.783,86.783,"65,536",30.032379113,1,1
0,System (4),14272,C:\Temp\combined.etl_rundown,Write,Normal,95.492,95.492,"65,536",30.040891943,1,1
0,System (4),14272,C:\Temp\combined.etl_rundown,Write,Normal,83.983,83.983,"65,536",30.041019474,1,1
0,System (4),14272,C:\Temp\combined.etl_rundown,Write,Normal,81.184,81.184,"65,536",30.041134873,1,1
0,System (4),14272,C:\Temp\combined.etl_rundown,Write,Normal,86.160,86.160,"65,536",30.041254939,1,1
0,System (4),14272,C:\Temp\combined.etl_rundown,Write,Normal,85.227,85.227,"65,536",30.041370961,1,1
0,System (4),14272,C:\Temp\combined.etl_rundown,Write,Normal,80.562,80.562,"65,536",30.041481384,1,1
0,System (4),14272,C:\Temp\combined.etl_rundown,Write,Normal,80.562,80.562,"65,536",30.041596161,1,1
0,System (4),14272,C:\Temp\combined.etl_rundown,Write,Normal,83.361,83.361,"65,536",30.041708140,1,1
0,System (4),14272,C:\Temp\combined.etl_rundown,Write,Normal,87.094,87.094,"65,536",30.041824161,1,1
0,System (4),14272,C:\Temp\combined.etl_rundown,Write,Normal,81.806,81.806,"65,536",30.041937384,1,1
0,System (4),14272,C:\Temp\combined.etl_rundown,Write,Normal,87.094,87.094,"65,536",30.042088243,1,1
0,System (4),14272,C:\Temp\combined.etl_rundown,Write,Normal,85.849,85.849,"65,536",30.042202710,1,1
0,System (4),14272,C:\Temp\combined.etl_rundown,Write,Normal,87.094,87.094,"65,536",30.042318421,1,1
0,System (4),14272,C:\Temp\combined.etl_rundown,Write,Normal,82.428,82.428,"65,536",30.042429777,1,1
0,System (4),14272,C:\Temp\combined.etl_rundown,Write,Normal,107.312,107.312,"65,536",30.042574104,1,1
0,System (4),14272,C:\Temp\combined.etl_rundown,Write,Normal,82.739,82.739,"65,536",30.042691681,1,1
0,System (4),14272,C:\Temp\combined.etl_rundown,Write,Normal,84.605,84.605,"65,536",30.042804593,1,1
0,System (4),14272,C:\Temp\combined.etl_rundown,Write,Normal,770.161,770.161,"65,536",30.043610524,1,1
0,System (4),14272,C:\Temp\combined.etl_rundown,Write,Normal,88.338,88.338,"65,536",30.043727790,1,1
0,System (4),14272,C:\Temp\combined.etl_rundown,Write,Normal,98.291,98.291,"65,536",30.043853766,1,1
0,System (4),14272,C:\Temp\combined.etl_rundown,Write,Normal,112.911,112.911,"65,536",30.043996538,1,1
0,System (4),14272,C:\Temp\combined.etl_rundown,Write,Normal,120.998,120.998,"65,536",30.044145842,1,1
0,System (4),14272,C:\Temp\combined.etl_rundown,Write,Normal,84.294,84.294,"65,536",30.044258132,1,1
0,System (4),14272,C:\Temp\combined.etl_rundown,Write,Normal,109.489,109.489,"65,536",30.044395927,1,1
0,System (4),14272,C:\Temp\combined.etl_rundown,Write,Normal,95.803,95.803,"65,536",30.044539321,1,1
0,System (4),14272,C:\Temp\combined.etl_rundown,Write,Normal,114.466,114.466,"65,536",30.044686137,1,1
0,System (4),14272,C:\Temp\combined.etl_rundown,Write,Normal,104.512,104.512,"4,096",30.044861881,1,2
0,System (4),14272,C:\Temp\combined.etl_rundown,Write,Normal,21.151,121.620,"61,440",30.044883032,2,1
0,System (4),14272,C:\Temp\combined.etl_rundown,Write,Normal,110.422,110.422,"65,536",30.045021761,1,1
0,System (4),14272,C:\Temp\combined.etl_rundown,Write,Normal,120.376,120.376,"65,536",30.050903726,1,1
0,System (4),14272,C:\Temp\combined.etl_rundown,Write,Normal,92.381,92.381,"65,536",30.051027835,1,1
0,System (4),14272,C:\Temp\combined.etl_rundown,Write,Normal,90.826,90.826,"65,536",30.051146967,1,1
0,System (4),14272,C:\Temp\combined.etl_rundown,Write,Normal,88.960,88.960,"65,536",30.051265477,1,1
0,System (4),14272,C:\Temp\combined.etl_rundown,Write,Normal,93.315,93.315,"65,536",30.051386787,1,1
0,System (4),14272,C:\Temp\combined.etl_rundown,Write,Normal,92.693,92.693,"65,536",30.051507164,1,1
0,System (4),14272,C:\Temp\combined.etl_rundown,Write,Normal,87.405,87.405,"65,536",30.051623185,1,1
0,System (4),14272,C:\Temp\combined.etl_rundown,Write,Normal,92.693,92.693,"65,536",30.051743251,1,1
0,System (4),14272,C:\Temp\combined.etl_rundown,Write,Normal,110.733,110.733,"65,536",30.051882602,1,1
0,System (4),14272,C:\Temp\combined.etl_rundown,Write,Normal,99.847,99.847,"65,536",30.052009821,1,1
0,System (4),14272,C:\Temp\combined.etl_rundown,Write,Normal,88.338,88.338,"65,536",30.052125221,1,1
0,System (4),14272,C:\Temp\combined.etl_rundown,Write,Normal,95.181,95.181,"65,536",30.052247464,1,1
0,System (4),14272,C:\Temp\combined.etl_rundown,Write,Normal,111.667,111.667,"65,536",30.052386503,1,1
0,System (4),14272,C:\Temp\combined.etl_rundown,Write,Normal,145.882,145.882,"65,536",30.052573134,1,1
0,System (4),14272,C:\Temp\combined.etl_rundown,Write,Normal,120.998,120.998,"65,536",30.052752921,1,1
0,System (4),14272,C:\Temp\combined.etl_rundown,Write,Normal,92.381,92.381,"65,536",30.052877030,1,1
0,System (4),14272,C:\Temp\combined.etl_rundown,Write,Normal,94.870,94.870,"65,536",30.053004561,1,1
0,System (4),14272,C:\Temp\combined.etl_rundown,Write,Normal,111.356,111.356,"65,536",30.053145467,1,1
0,System (4),14272,C:\Temp\combined.etl_rundown,Write,Normal,89.893,89.893,"65,536",30.053263977,1,1
0,System (4),14272,C:\Temp\combined.etl_rundown,Write,Normal,92.693,92.693,"65,536",30.053385598,1,1
0,System (4),14272,C:\Temp\combined.etl_rundown,Write,Normal,116.643,116.643,"65,536",30.053531791,1,1
0,System (4),14272,C:\Temp\combined.etl_rundown,Write,Normal,84.294,84.294,"65,536",30.053643458,1,1
0,System (4),14272,C:\Temp\combined.etl_rundown,Write,Normal,87.094,87.094,"65,536",30.053758236,1,1
0,System (4),14272,C:\Temp\combined.etl_rundown,Write,Normal,82.428,82.428,"65,536",30.053868348,1,1
0,System (4),14272,C:\Temp\combined.etl_rundown,Write,Normal,100.780,100.780,"65,536",30.053996190,1,1
0,System (4),14272,C:\Temp\combined.etl_rundown,Write,Normal,82.428,82.428,"65,536",30.054106613,1,1
0,System (4),14272,C:\Temp\combined.etl_rundown,Write,Normal,92.381,92.381,"65,536",30.054226367,1,1
0,System (4),14272,C:\Temp\combined.etl_rundown,Write,Normal,135.618,135.618,"65,536",30.054389358,1,1
0,System (4),14272,C:\Temp\combined.etl_rundown,Write,Normal,152.725,152.725,"65,536",30.357522694,0,0
0,System (4),14272,C:\Temp\combined.etl_rundown,Write,Normal,139.039,139.039,"65,536",30.357828767,0,0
0,System (4),14272,C:\Temp\combined.etl_rundown,Write,Normal,120.998,120.998,"45,056",30.358156926,1,1
0,System (4),14272,C:\Temp\combined.etl_rundown,Write,Normal,6.532,136.240,"20,480",30.358163458,0,0
0,System (4),14272,C:\Temp\combined.etl_rundown,Write,Normal,183.830,183.830,"65,536",30.358458645,0,0
0,System (4),14272,C:\Temp\combined.etl_rundown,Write,Normal,168.278,168.278,"65,536",30.358698465,0,0
0,System (4),14272,C:\Temp\combined.etl_rundown,Write,Normal,98.914,98.914,"65,536",30.358862699,0,0
0,System (4),14272,C:\Temp\combined.etl_rundown,Write,Normal,143.705,143.705,"65,536",30.359101897,0,0
0,System (4),14272,C:\Temp\combined.etl_rundown,Write,Normal,132.818,132.818,"65,536",30.359333319,0,0
0,System (4),14272,C:\Temp\combined.etl_rundown,Write,Normal,148.682,148.682,"65,536",30.359559452,0,0
0,System (4),14272,C:\Temp\combined.etl_rundown,Write,Normal,95.181,95.181,"65,536",30.359713111,0,0
0,System (4),14272,C:\Temp\combined.etl_rundown,Write,Normal,145.882,145.882,"65,536",30.359959152,0,0
0,System (4),14272,C:\$LogFile,Write,Normal,133.751,133.751,"40,960",30.360402710,0,0
0,System (4),14272,C:\Temp\combined.etl_rundown,Write,Normal,31.727,31.727,512,30.360482028,0,0
0,xperf.exe (28832),30484,C:\$LogFile,Write,Normal,95.492,95.492,"8,192",30.361828877,0,0
0,xperf.exe (28832),30484,C:\Temp\combined.etl_buffering,Write,Normal,592.240,592.240,"524,288",30.362488615,0,0
1,sqlservr.exe (5188),6996,D:\SQL_DATA\Patient_log.ldf,Write,Normal,56.611,56.611,"1,024",1.057104828,0,0
1,System (4),17732,E:\$LogFile,Write,Normal,72.785,72.785,"8,192",1.629381457,0,0
1,System (4),17732,E:\$Mft,Write,Normal,62.832,62.832,"4,096",1.629559067,0,0
1,System (4),17732,E:\$Mft,Write,Normal,41.369,41.369,"4,096",1.629643050,0,0
1,System (4),17732,E:\$Mft,Write,Normal,40.747,40.747,"4,096",1.629722679,0,0
1,System (4),17732,E:\$Mft,Write,Normal,79.317,79.317,"4,096",1.629852387,0,0
1,System (4),17732,E:\$Mft,Write,Normal,102.024,102.024,"4,096",1.630006357,0,1
1,System (4),33888,E:\$BitMap,Write,Normal,30.172,128.152,"8,192",1.630036529,1,1
1,System (4),33872,E:\storagefw\v0,Write,Normal,111.978,122.864,"4,096",1.630148507,1,3
1,System (4),33888,E:\$BitMap,Write,Normal,51.946,126.908,"4,096",1.630200453,2,2
1,System (4),17732,E:\$Mft,Write,Normal,1.866,137.173,"4,096",1.630202319,1,1
1,System (4),33868,E:\storagefw\v0\c,Write,Normal,56.611,171.388,"4,096",1.630258930,3,1
1,System (4),17732,E:\$Mft,Write,Normal,117.577,117.577,"4,096",1.630393615,1,1
1,System (4),33888,E:\$BitMap,Write,Normal,54.123,194.406,"4,096",1.630447738,1,0
1,System (4),33888,E:\$BitMap,Write,Normal,75.896,75.896,"4,096",1.630554428,0,0
1,System (4),17732,E:\storagefw\v0\c\183c931bbbde3255,Write,Normal,119.132,119.132,"4,096",1.631177151,0,0
1,sqlservr.exe (5188),7968,D:\MSSQL\MSSQL13.MSSQLSERVER_SYDS\MSSQL\Audit\auditsyngodb.log_32.trc,Write,Normal,81.495,81.495,"16,896",1.754374614,0,0
1,sqlservr.exe (5188),7968,D:\$LogFile,Write,Normal,77.451,77.451,"4,096",1.754575241,0,0
1,System (4),33872,E:\storagefw\v0\c\183c931bbbde3255\PS-Diagnostics-6774c022-cb7e-4c29-bc69-fbcb7890fb09.xml,Write,Normal,153.658,153.658,"2,048",3.020506315,0,0
1,System (4),28720,D:\$Mft,Write,Normal,78.073,78.073,"4,096",4.379499034,0,0
1,System (4),33888,D:\$LogFile,Write,Normal,118.821,118.821,"4,096",4.864656015,0,0
1,System (4),33888,D:\$LogFile,Write,Normal,61.587,61.587,"4,096",4.864782924,0,0
1,System (4),33888,E:\$LogFile,Write,Normal,116.021,116.021,"28,672",4.865150896,0,0
1,System (4),33888,E:\$LogFile,Write,Normal,134.062,134.062,"4,096",4.865382318,0,0
1,System (4),33888,E:\$LogFile,Write,Normal,131.263,131.263,"4,096",4.865579524,0,0
1,sqlservr.exe (5188),7968,D:\MSSQL\MSSQL13.MSSQLSERVER_SYDS\MSSQL\Audit\auditsyngodb.log_32.trc,Write,Normal,94.248,94.248,"22,528",5.770064001,0,0
1,sqlservr.exe (5188),7968,D:\$LogFile,Write,Normal,132.507,132.507,"4,096",5.770299778,0,0
1,sqlservr.exe (5188),7968,D:\MSSQL\MSSQL13.MSSQLSERVER_SYDS\MSSQL\Audit\auditsyngodb.log_32.trc,Write,Normal,93.626,93.626,"7,168",9.785824930,0,0
1,sqlservr.exe (5188),7968,D:\$LogFile,Write,Normal,53.189,53.189,"4,096",9.785956505,0,0
1,System (4),16876,D:\$LogFile,Write,Normal,118.821,118.821,"4,096",9.864498312,0,0
1,System (4),16876,D:\$LogFile,Write,Normal,46.346,46.346,"4,096",9.864591939,0,0
1,System (4),16876,D:\$LogFile,Write,Normal,131.574,131.574,"4,096",9.864777014,0,0
1,System (4),16876,E:\$Mft,Write,Normal,117.888,117.888,"4,096",9.865003769,0,0
1,System (4),28720,D:\$Mft,Write,Normal,103.268,103.268,"4,096",14.864760839,0,0
1,System (4),28720,E:\$LogFile,Write,Normal,109.800,109.800,"16,384",14.865034874,0,0
1,System (4),28720,E:\$LogFile,Write,Normal,96.425,96.425,"4,096",14.865188844,0,0
1,System (4),28720,E:\$LogFile,Write,Normal,70.919,70.919,"4,096",14.865322907,0,0
1,sqlservr.exe (5188),7968,D:\MSSQL\MSSQL13.MSSQLSERVER_SYDS\MSSQL\Audit\auditsyngodb.log_32.trc,Write,Normal,73.407,73.407,"2,560",17.801607633,0,0
1,sqlservr.exe (5188),7968,D:\$LogFile,Write,Normal,70.297,70.297,"4,096",17.801761292,0,0
1,System (4),33880,E:\$Mft,Write,Normal,94.559,94.559,"4,096",18.036103632,0,2
1,System (4),16876,E:\$BitMap,Write,Normal,104.824,168.900,"4,096",18.036208456,1,1
1,System (4),33860,E:\storagefw\v0\c\183c931bbbde3255,Write,Normal,4.976,157.702,"4,096",18.036213432,2,0
1,System (4),16876,E:\$BitMap,Write,Normal,103.890,103.890,"4,096",18.036360248,0,0
1,System (4),16876,E:\$BitMap,Write,Normal,95.492,95.492,"4,096",18.036509864,0,0
1,System (4),16876,E:\$BitMap,Write,Normal,63.143,63.143,"4,096",18.036628063,0,0
1,System (4),33888,D:\$LogFile,Write,Normal,109.178,109.178,"4,096",19.865735982,0,0
1,System (4),33888,D:\$LogFile,Write,Normal,134.995,134.995,"4,096",19.865964293,0,0
1,System (4),33888,E:\$LogFile,Write,Normal,106.068,106.068,"16,384",19.866175808,0,0
1,System (4),33888,E:\$LogFile,Write,Normal,97.980,97.980,"4,096",19.866416561,0,0
1,System (4),33888,E:\$LogFile,Write,Normal,97.047,97.047,"4,096",19.866616877,0,0
1,System (4),33888,D:\$Mft,Write,Normal,203.115,203.115,"4,096",20.771263412,0,0
1,sqlservr.exe (5188),7968,D:\MSSQL\MSSQL13.MSSQLSERVER_SYDS\MSSQL\Audit\auditsyngodb.log_32.trc,Write,Normal,88.960,88.960,"16,384",21.802365974,0,0
1,sqlservr.exe (5188),7968,D:\$LogFile,Write,Normal,138.106,138.106,"8,192",21.802570956,0,0
1,sqlservr.exe (5188),6996,D:\SQL_DATA\InstanceStore_log.ldf,Write,Normal,131.574,131.574,"1,536",22.022715085,0,0
1,sqlservr.exe (5188),6996,D:\SQL_DATA\InstanceStore_log.ldf,Write,Normal,61.276,61.276,512,23.085522714,1,1
1,sqlservr.exe (5188),6996,D:\SQL_DATA\InstanceStore_log.ldf,Write,Normal,14.619,111.045,"1,536",23.085537333,0,0
1,sqlservr.exe (5188),6996,D:\SQL_DATA\InstanceStore_log.ldf,Write,Normal,62.521,62.521,"1,536",23.225730906,0,1
1,sqlservr.exe (5188),6996,D:\SQL_DATA\InstanceStore_log.ldf,Write,Normal,12.753,44.791,512,23.225743659,1,0
1,sqlservr.exe (5188),6704,D:\MSSQL\MSSQL13.MSSQLSERVER_SYDS\MSSQL\LOG\system_health_0_131932736849190000.xel,Write,Normal,138.728,138.728,"13,312",24.302665827,0,0
1,sqlservr.exe (5188),6996,D:\SQL_DATA\InstanceStore_log.ldf,Write,Normal,129.085,129.085,"1,024",24.663462017,0,0
1,System (4),23848,D:\$LogFile,Write,Normal,124.420,124.420,"4,096",24.865472211,0,0
1,System (4),23848,D:\$LogFile,Write,Normal,121.931,121.931,"4,096",24.865676261,0,0
1,System (4),23848,D:\$LogFile,Write,Normal,100.780,100.780,"4,096",24.865849205,0,0
1,sqlservr.exe (5188),7968,D:\MSSQL\MSSQL13.MSSQLSERVER_SYDS\MSSQL\Audit\auditsyngodb.log_32.trc,Write,Normal,133.751,133.751,"19,968",25.818137790,0,0
1,sqlservr.exe (5188),7968,D:\$LogFile,Write,Normal,137.795,137.795,"4,096",25.818395340,0,0
1,System (4),33860,E:\Profiling\CallupClaimWarmReadingCR_1954msDEFOR09T121SRV.etl.log,Write,Normal,126.597,126.597,"4,096",28.990141565,0,4
1,System (4),33860,E:\Profiling\CallupClaimWarmReadingCR_1954msDEFOR09T121SRV.etl.log,Write,Normal,5.288,116.021,"4,096",28.990146853,1,3
1,System (4),33860,E:\Profiling\CallupClaimWarmReadingCR_1954msDEFOR09T121SRV.etl.log,Write,Normal,15.863,124.420,"16,384",28.990162716,3,2
1,System (4),33860,E:\Profiling\CallupClaimWarmReadingCR_1954msDEFOR09T121SRV.etl.log,Write,Normal,2.489,130.641,"8,192",28.990165205,2,1
1,System (4),33860,E:\Profiling\CallupClaimWarmReadingCR_1954msDEFOR09T121SRV.etl.log,Write,Normal,1.244,125.042,"26,112",28.990166449,4,0
1,sqlservr.exe (5188),7968,D:\MSSQL\MSSQL13.MSSQLSERVER_SYDS\MSSQL\Audit\auditsyngodb.log_32.trc,Write,Normal,146.504,146.504,"2,048",29.833835576,0,0
1,sqlservr.exe (5188),7968,D:\$LogFile,Write,Normal,70.297,70.297,"4,096",29.833992345,0,0
1,System (4),33872,D:\$Mft,Write,Normal,116.332,116.332,"4,096",29.865805347,0,0
1,System (4),33872,E:\$LogFile,Write,Normal,81.495,81.495,"20,480",29.866014061,0,0
1,System (4),33872,E:\$LogFile,Write,Normal,126.597,126.597,"4,096",29.866191982,0,0
1,System (4),33872,E:\$LogFile,Write,Normal,175.121,175.121,"4,096",29.866411895,0,0
